contract_id,executive_summary,key_obligations,key_risks
CTR-0001,NDA executed between Vertex Innovations and AlphaTech Solutions.,Comply with contractual obligations and maintain good standing.,Broad liability exposure
CTR-0002,Vendor Agreement executed between Vertex Innovations and Pioneer Analytics.,Comply with contractual obligations and maintain good standing.,Broad liability exposure
CTR-0003,Employment Agreement executed between Pioneer Analytics and Vertex Innovations.,Comply with contractual obligations and maintain good standing.,Restrictive termination terms
CTR-0004,Shareholder Agreement executed between BlueWave Systems and Pioneer Analytics.,Comply with contractual obligations and maintain good standing.,Restrictive termination terms
CTR-0005,NDA executed between BlueWave Systems and Nova Industries.,Comply with contractual obligations and maintain good standing.,Minimal legal risk
CTR-0006,Vendor Agreement executed between Nova Industries and AlphaTech Solutions.,Comply with contractual obligations and maintain good standing.,Restrictive termination terms
CTR-0007,Employment Agreement executed between Vertex Innovations and Pioneer Analytics.,Comply with contractual obligations and maintain good standing.,Broad liability exposure
CTR-0008,Shareholder Agreement executed between Nova Industries and AlphaTech Solutions.,Comply with contractual obligations and maintain good standing.,Broad liability exposure
CTR-0009,NDA executed between Nova Industries and GreenLeaf Ventures.,Comply with contractual obligations and maintain good standing.,Minimal legal risk
CTR-0010,Vendor Agreement executed between Vertex Innovations and BlueWave Systems.,Comply with contractual obligations and maintain good standing.,Minimal legal risk
CTR-0011,Employment Agreement executed between Vertex Innovations and Pioneer Analytics.,Comply with contractual obligations and maintain good standing.,Restrictive termination terms
CTR-0012,Shareholder Agreement executed between Nova Industries and AlphaTech Solutions.,Comply with contractual obligations and maintain good standing.,Restrictive termination terms
CTR-0013,NDA executed between Vertex Innovations and GreenLeaf Ventures.,Comply with contractual obligations and maintain good standing.,Restrictive termination terms
CTR-0014,Vendor Agreement executed between Vertex Innovations and Pioneer Analytics.,Comply with contractual obligations and maintain good standing.,Restrictive termination terms
CTR-0015,Employment Agreement executed between AlphaTech Solutions and BlueWave Systems.,Comply with contractual obligations and maintain good standing.,Broad liability exposure
CTR-0016,Shareholder Agreement executed between GreenLeaf Ventures and Pioneer Analytics.,Comply with contractual obligations and maintain good standing.,Minimal legal risk
CTR-0017,NDA executed between AlphaTech Solutions and Vertex Innovations.,Comply with contractual obligations and maintain good standing.,Restrictive termination terms
CTR-0018,Vendor Agreement executed between AlphaTech Solutions and GreenLeaf Ventures.,Comply with contractual obligations and maintain good standing.,Minimal legal risk
CTR-0019,Employment Agreement executed between Pioneer Analytics and BlueWave Systems.,Comply with contractual obligations and maintain good standing.,Restrictive termination terms
CTR-0020,Shareholder Agreement executed between GreenLeaf Ventures and AlphaTech Solutions.,Comply with contractual obligations and maintain good standing.,Broad liability exposure
CTR-0021,NDA executed between AlphaTech Solutions and Pioneer Analytics.,Comply with contractual obligations and maintain good standing.,Broad liability exposure
CTR-0022,Vendor Agreement executed between Nova Industries and Vertex Innovations.,Comply with contractual obligations and maintain good standing.,Minimal legal risk
CTR-0023,Employment Agreement executed between Nova Industries and Pioneer Analytics.,Comply with contractual obligations and maintain good standing.,Broad liability exposure
CTR-0024,Shareholder Agreement executed between BlueWave Systems and AlphaTech Solutions.,Comply with contractual obligations and maintain good standing.,Broad liability exposure
CTR-0025,NDA executed between AlphaTech Solutions and BlueWave Systems.,Comply with contractual obligations and maintain good standing.,Restrictive termination terms
CTR-0026,Vendor Agreement executed between Vertex Innovations and GreenLeaf Ventures.,Comply with contractual obligations and maintain good standing.,Broad liability exposure
CTR-0027,Employment Agreement executed between GreenLeaf Ventures and Pioneer Analytics.,Comply with contractual obligations and maintain good standing.,Restrictive termination terms
CTR-0028,Shareholder Agreement executed between GreenLeaf Ventures and AlphaTech Solutions.,Comply with contractual obligations and maintain good standing.,Restrictive termination terms
CTR-0029,NDA executed between AlphaTech Solutions and Nova Industries.,Comply with contractual obligations and maintain good standing.,Restrictive termination terms
CTR-0030,Vendor Agreement executed between GreenLeaf Ventures and BlueWave Systems.,Comply with contractual obligations and maintain good standing.,Broad liability exposure
CTR-0031,Employment Agreement executed between AlphaTech Solutions and Nova Industries.,Comply with contractual obligations and maintain good standing.,Broad liability exposure
CTR-0032,Shareholder Agreement executed between GreenLeaf Ventures and AlphaTech Solutions.,Comply with contractual obligations and maintain good standing.,Minimal legal risk
CTR-0033,NDA executed between Vertex Innovations and GreenLeaf Ventures.,Comply with contractual obligations and maintain good standing.,Minimal legal risk
CTR-0034,Vendor Agreement executed between AlphaTech Solutions and GreenLeaf Ventures.,Comply with contractual obligations and maintain good standing.,Broad liability exposure
CTR-0035,Employment Agreement executed between Pioneer Analytics and AlphaTech Solutions.,Comply with contractual obligations and maintain good standing.,Broad liability exposure
CTR-0036,Shareholder Agreement executed between Pioneer Analytics and BlueWave Systems.,Comply with contractual obligations and maintain good standing.,Minimal legal risk
CTR-0037,NDA executed between Pioneer Analytics and Vertex Innovations.,Comply with contractual obligations and maintain good standing.,Restrictive termination terms
CTR-0038,Vendor Agreement executed between GreenLeaf Ventures and BlueWave Systems.,Comply with contractual obligations and maintain good standing.,Restrictive termination terms
CTR-0039,Employment Agreement executed between Pioneer Analytics and Vertex Innovations.,Comply with contractual obligations and maintain good standing.,Restrictive termination terms
CTR-0040,Shareholder Agreement executed between AlphaTech Solutions and Nova Industries.,Comply with contractual obligations and maintain good standing.,Minimal legal risk
CTR-0041,NDA executed between Vertex Innovations and Pioneer Analytics.,Comply with contractual obligations and maintain good standing.,Restrictive termination terms
CTR-0042,Vendor Agreement executed between AlphaTech Solutions and BlueWave Systems.,Comply with contractual obligations and maintain good standing.,Minimal legal risk
CTR-0043,Employment Agreement executed between Nova Industries and BlueWave Systems.,Comply with contractual obligations and maintain good standing.,Broad liability exposure
CTR-0044,Shareholder Agreement executed between Vertex Innovations and GreenLeaf Ventures.,Comply with contractual obligations and maintain good standing.,Broad liability exposure
CTR-0045,NDA executed between Vertex Innovations and GreenLeaf Ventures.,Comply with contractual obligations and maintain good standing.,Minimal legal risk
CTR-0046,Vendor Agreement executed between BlueWave Systems and Vertex Innovations.,Comply with contractual obligations and maintain good standing.,Broad liability exposure
CTR-0047,Employment Agreement executed between Nova Industries and GreenLeaf Ventures.,Comply with contractual obligations and maintain good standing.,Restrictive termination terms
CTR-0048,Shareholder Agreement executed between Pioneer Analytics and GreenLeaf Ventures.,Comply with contractual obligations and maintain good standing.,Broad liability exposure
CTR-0049,NDA executed between BlueWave Systems and GreenLeaf Ventures.,Comply with contractual obligations and maintain good standing.,Broad liability exposure
CTR-0050,Vendor Agreement executed between GreenLeaf Ventures and AlphaTech Solutions.,Comply with contractual obligations and maintain good standing.,Broad liability exposure
CTR-0051,Employment Agreement executed between AlphaTech Solutions and Nova Industries.,Comply with contractual obligations and maintain good standing.,Minimal legal risk
CTR-0052,Shareholder Agreement executed between GreenLeaf Ventures and Vertex Innovations.,Comply with contractual obligations and maintain good standing.,Broad liability exposure
CTR-0053,NDA executed between AlphaTech Solutions and Vertex Innovations.,Comply with contractual obligations and maintain good standing.,Broad liability exposure
CTR-0054,Vendor Agreement executed between GreenLeaf Ventures and Vertex Innovations.,Comply with contractual obligations and maintain good standing.,Minimal legal risk
CTR-0055,Employment Agreement executed between Vertex Innovations and BlueWave Systems.,Comply with contractual obligations and maintain good standing.,Minimal legal risk
CTR-0056,Shareholder Agreement executed between AlphaTech Solutions and GreenLeaf Ventures.,Comply with contractual obligations and maintain good standing.,Restrictive termination terms
CTR-0057,NDA executed between Pioneer Analytics and BlueWave Systems.,Comply with contractual obligations and maintain good standing.,Minimal legal risk
CTR-0058,Vendor Agreement executed between Pioneer Analytics and Nova Industries.,Comply with contractual obligations and maintain good standing.,Minimal legal risk
CTR-0059,Employment Agreement executed between Pioneer Analytics and Nova Industries.,Comply with contractual obligations and maintain good standing.,Minimal legal risk
CTR-0060,Shareholder Agreement executed between BlueWave Systems and AlphaTech Solutions.,Comply with contractual obligations and maintain good standing.,Broad liability exposure
CTR-0061,NDA executed between Vertex Innovations and Nova Industries.,Comply with contractual obligations and maintain good standing.,Minimal legal risk
CTR-0062,Vendor Agreement executed between AlphaTech Solutions and Pioneer Analytics.,Comply with contractual obligations and maintain good standing.,Restrictive termination terms
CTR-0063,Employment Agreement executed between GreenLeaf Ventures and BlueWave Systems.,Comply with contractual obligations and maintain good standing.,Broad liability exposure
CTR-0064,Shareholder Agreement executed between Vertex Innovations and Pioneer Analytics.,Comply with contractual obligations and maintain good standing.,Restrictive termination terms
CTR-0065,NDA executed between Vertex Innovations and Pioneer Analytics.,Comply with contractual obligations and maintain good standing.,Restrictive termination terms
CTR-0066,Vendor Agreement executed between Pioneer Analytics and GreenLeaf Ventures.,Comply with contractual obligations and maintain good standing.,Restrictive termination terms
CTR-0067,Employment Agreement executed between Pioneer Analytics and GreenLeaf Ventures.,Comply with contractual obligations and maintain good standing.,Broad liability exposure
CTR-0068,Shareholder Agreement executed between Nova Industries and GreenLeaf Ventures.,Comply with contractual obligations and maintain good standing.,Minimal legal risk
CTR-0069,NDA executed between BlueWave Systems and Nova Industries.,Comply with contractual obligations and maintain good standing.,Broad liability exposure
CTR-0070,Vendor Agreement executed between BlueWave Systems and Pioneer Analytics.,Comply with contractual obligations and maintain good standing.,Broad liability exposure
CTR-0071,Employment Agreement executed between Nova Industries and GreenLeaf Ventures.,Comply with contractual obligations and maintain good standing.,Broad liability exposure
CTR-0072,Shareholder Agreement executed between GreenLeaf Ventures and BlueWave Systems.,Comply with contractual obligations and maintain good standing.,Minimal legal risk
CTR-0073,NDA executed between GreenLeaf Ventures and BlueWave Systems.,Comply with contractual obligations and maintain good standing.,Minimal legal risk
CTR-0074,Vendor Agreement executed between Vertex Innovations and AlphaTech Solutions.,Comply with contractual obligations and maintain good standing.,Restrictive termination terms
CTR-0075,Employment Agreement executed between GreenLeaf Ventures and Nova Industries.,Comply with contractual obligations and maintain good standing.,Restrictive termination terms
CTR-0076,Shareholder Agreement executed between AlphaTech Solutions and Pioneer Analytics.,Comply with contractual obligations and maintain good standing.,Broad liability exposure
CTR-0077,NDA executed between Vertex Innovations and AlphaTech Solutions.,Comply with contractual obligations and maintain good standing.,Broad liability exposure
CTR-0078,Vendor Agreement executed between GreenLeaf Ventures and AlphaTech Solutions.,Comply with contractual obligations and maintain good standing.,Minimal legal risk
CTR-0079,Employment Agreement executed between Pioneer Analytics and AlphaTech Solutions.,Comply with contractual obligations and maintain good standing.,Minimal legal risk
CTR-0080,Shareholder Agreement executed between GreenLeaf Ventures and Pioneer Analytics.,Comply with contractual obligations and maintain good standing.,Broad liability exposure
CTR-0081,NDA executed between Vertex Innovations and Nova Industries.,Comply with contractual obligations and maintain good standing.,Restrictive termination terms
CTR-0082,Vendor Agreement executed between Vertex Innovations and Nova Industries.,Comply with contractual obligations and maintain good standing.,Broad liability exposure
CTR-0083,Employment Agreement executed between GreenLeaf Ventures and Nova Industries.,Comply with contractual obligations and maintain good standing.,Minimal legal risk
CTR-0084,Shareholder Agreement executed between Vertex Innovations and Nova Industries.,Comply with contractual obligations and maintain good standing.,Restrictive termination terms
CTR-0085,NDA executed between Nova Industries and BlueWave Systems.,Comply with contractual obligations and maintain good standing.,Minimal legal risk
CTR-0086,Vendor Agreement executed between GreenLeaf Ventures and Nova Industries.,Comply with contractual obligations and maintain good standing.,Restrictive termination terms
CTR-0087,Employment Agreement executed between Nova Industries and GreenLeaf Ventures.,Comply with contractual obligations and maintain good standing.,Broad liability exposure
CTR-0088,Shareholder Agreement executed between BlueWave Systems and Pioneer Analytics.,Comply with contractual obligations and maintain good standing.,Restrictive termination terms
CTR-0089,NDA executed between GreenLeaf Ventures and AlphaTech Solutions.,Comply with contractual obligations and maintain good standing.,Minimal legal risk
CTR-0090,Vendor Agreement executed between Pioneer Analytics and Nova Industries.,Comply with contractual obligations and maintain good standing.,Restrictive termination terms
CTR-0091,Employment Agreement executed between Nova Industries and Pioneer Analytics.,Comply with contractual obligations and maintain good standing.,Restrictive termination terms
CTR-0092,Shareholder Agreement executed between AlphaTech Solutions and Vertex Innovations.,Comply with contractual obligations and maintain good standing.,Minimal legal risk
CTR-0093,NDA executed between Pioneer Analytics and Vertex Innovations.,Comply with contractual obligations and maintain good standing.,Broad liability exposure
CTR-0094,Vendor Agreement executed between Nova Industries and AlphaTech Solutions.,Comply with contractual obligations and maintain good standing.,Restrictive termination terms
CTR-0095,Employment Agreement executed between Vertex Innovations and BlueWave Systems.,Comply with contractual obligations and maintain good standing.,Restrictive termination terms
CTR-0096,Shareholder Agreement executed between GreenLeaf Ventures and Nova Industries.,Comply with contractual obligations and maintain good standing.,Restrictive termination terms
CTR-0097,NDA executed between AlphaTech Solutions and Vertex Innovations.,Comply with contractual obligations and maintain good standing.,Broad liability exposure
CTR-0098,Vendor Agreement executed between BlueWave Systems and AlphaTech Solutions.,Comply with contractual obligations and maintain good standing.,Restrictive termination terms
CTR-0099,Employment Agreement executed between GreenLeaf Ventures and Pioneer Analytics.,Comply with contractual obligations and maintain good standing.,Minimal legal risk
CTR-0100,Shareholder Agreement executed between Vertex Innovations and AlphaTech Solutions.,Comply with contractual obligations and maintain good standing.,Broad liability exposure
